Date,Tweet Sentiment Score,news sentiment,Opening Price,Closing Price,avg_sentiment
2021-01-01,0.2293697986577181,-0.0636333333333333,133.52000427246094,129.41000366210938,0.2502565089983868
2021-01-02,0.2496269841269841,-0.0288916666666666,133.52000427246094,129.41000366210938,0.2502565089983868
2021-01-03,0.266743220338983,-0.0188149999999999,133.52000427246094,129.41000366210938,0.2502565089983868
2021-01-04,0.2016194444444444,0.0446972972972972,133.52000427246094,129.41000366210938,0.2502565089983868
2021-01-05,0.1622075949367088,0.0471359375,128.88999938964844,131.00999450683594,0.2502565089983868
2021-01-06,0.145206204379562,0.0729860465116279,127.72000122070312,126.5999984741211,0.2502565089983868
2021-01-07,0.2595740585774059,0.0696018518518518,128.36000061035156,130.9199981689453,0.2502565089983868
2021-01-08,0.1651973988439306,0.061190977443609,132.42999267578125,132.0500030517578,0.2502565089983868
2021-01-09,0.0277185526315789,0.0556605839416058,129.19000244140625,128.97999572753906,0.2502565089983868
2021-01-10,0.0573439698492462,0.0568943661971831,129.19000244140625,128.97999572753906,0.2502565089983868
2021-01-11,0.1617282178217821,0.0709855491329479,129.19000244140625,128.97999572753906,0.2502565089983868
2021-01-12,0.084983850931677,0.06875101010101,128.5,128.8000030517578,0.2502565089983868
2021-01-13,0.260548469387755,0.0603522727272727,128.75999450683594,130.88999938964844,0.2502565089983868
2021-01-14,0.2154224489795918,0.0658546558704453,130.8000030517578,128.91000366210938,0.2502565089983868
2021-01-15,0.2459443113772454,0.06326,128.77999877929688,127.13999938964844,0.2502565089983868
2021-01-16,0.167504,0.0607603571428571,127.77999877929688,127.83000183105469,0.2502565089983868
2021-01-17,0.1753692771084337,0.0576787456445993,127.77999877929688,127.83000183105469,0.2502565089983868
2021-01-18,0.1523658119658119,0.0547809210526315,127.77999877929688,127.83000183105469,0.2502565089983868
2021-01-19,0.1743572916666666,0.0513655384615384,127.77999877929688,127.83000183105469,0.2502565089983868
2021-01-20,0.1554766467065868,0.0531289940828402,128.66000366210938,132.02999877929688,0.2502565089983868
2021-01-21,0.158200460829493,0.0544118309859154,133.8000030517578,136.8699951171875,0.2502565089983868
2021-01-22,0.1783666666666666,0.0530659459459459,136.27999877929688,139.07000732421875,0.2502565089983868
2021-01-23,0.2028648648648648,0.0521640211640211,143.07000732421875,142.9199981689453,0.2502565089983868
2021-01-24,0.1546948148148148,0.0538828125,143.07000732421875,142.9199981689453,0.2502565089983868
2021-01-25,0.1680018461538461,0.0536174129353233,143.07000732421875,142.9199981689453,0.2502565089983868
2021-01-26,0.194944495412844,0.0535798122065727,143.60000610351562,143.16000366210938,0.2502565089983868
2021-01-27,0.3594782012195122,0.0557853333333333,143.42999267578125,142.05999755859375,0.2502565089983868
2021-01-28,0.201175744680851,0.0589915074309978,139.52000427246094,137.08999633789062,0.2502565089983868
2021-01-29,0.1141068148148148,0.0643730452674897,135.8300018310547,131.9600067138672,0.2502565089983868
2021-01-30,0.1529141414141414,0.0643640243902439,135.75999450683594,133.94000244140625,0.2502565089983868
2021-01-31,0.1690244755244755,0.0625654690618762,135.75999450683594,133.94000244140625,0.2502565089983868
2021-02-01,0.0731617424242424,0.0627583173996176,135.75999450683594,133.94000244140625,0.2502565089983868
2021-02-02,0.1523707112970711,0.0674976234003656,137.35000610351562,133.94000244140625,0.2502565089983868
2021-02-03,0.008318320610687,0.064137852112676,137.35000610351562,136.75999450683594,0.2502565089983868
2021-02-04,0.1357459915611814,0.0640885328836425,136.3000030517578,137.38999938964844,0.2502565089983868
2021-02-05,0.1888092307692307,0.0651919540229885,137.35000610351562,136.75999450683594,0.2502565089983868
2021-02-06,0.253428947368421,0.0634915447154471,136.02999877929688,136.91000366210938,0.2502565089983868
2021-02-07,0.1966155963302752,0.0612351046698872,136.02999877929688,136.91000366210938,0.2502565089983868
2021-02-08,0.2314523404255319,0.0609660406885759,136.02999877929688,136.91000366210938,0.2502565089983868
2021-02-09,0.2031835051546392,0.0579273001508295,136.6199951171875,136.00999450683594,0.2502565089983868
2021-02-10,0.1855625514403292,0.0530344023323615,136.47999572753906,135.38999938964844,0.2502565089983868
2021-02-11,0.208629081632653,0.0511503536067892,135.89999389648438,135.1300048828125,0.2502565089983868
2021-02-12,0.2430339869281046,0.0520082987551867,134.35000610351562,135.3699951171875,0.2502565089983868
2021-02-13,0.0610958333333333,0.0515581395348837,135.49000549316406,133.19000244140625,0.2502565089983868
2021-02-14,0.1171362244897959,0.0519687924016282,135.49000549316406,133.19000244140625,0.2502565089983868
2021-02-15,0.1338183333333333,0.0525523936170213,135.49000549316406,133.19000244140625,0.2502565089983868
2021-02-16,0.1898359550561798,0.0538613402061855,135.49000549316406,133.19000244140625,0.2502565089983868
2021-02-17,0.1831205714285714,0.0530558457711443,131.25,130.83999633789062,0.2502565089983868
2021-02-18,0.1495961956521739,0.0540952784503632,129.1999969482422,129.7100067138672,0.2502565089983868
2021-02-19,0.187076282051282,0.0566424028268551,130.24000549316406,129.8699951171875,0.2502565089983868
2021-02-20,0.2125373417721519,0.055745401629802,128.00999450683594,126.0,0.2502565089983868
2021-02-21,0.3397068965517242,0.0554009216589861,128.00999450683594,126.0,0.2502565089983868
2021-02-22,0.2884987654320988,0.055069921436588,128.00999450683594,126.0,0.2502565089983868
2021-02-23,0.2218128440366972,0.0554585792349726,123.76000213623047,125.86000061035156,0.2502565089983868
2021-02-24,0.195878698224852,0.0537457844183564,124.94000244140625,125.3499984741211,0.2502565089983868
2021-02-25,0.2145461187214611,0.0534179460580912,124.68000030517578,120.98999786376953,0.2502565089983868
2021-02-26,0.1137684931506849,0.0531394523326571,122.58999633789062,121.26000213623047,0.2502565089983868
2021-02-27,0.2783503703703704,0.0535343749999999,123.75,127.79000091552734,0.2502565089983868
2021-02-28,0.2075815602836879,0.0530341341341341,123.75,127.79000091552734,0.2502565089983868
2021-03-01,0.219318,0.0538373776908023,123.75,127.79000091552734,0.2502565089983868
2021-03-02,0.1734959276018099,0.0511896946564885,128.41000366210938,125.12000274658203,0.2502565089983868
2021-03-03,0.2009103896103896,0.0532499533146591,124.80999755859375,122.05999755859375,0.2502565089983868
2021-03-04,0.1640818181818181,0.0543542805100181,121.75,120.12999725341797,0.2502565089983868
2021-03-05,0.1731775510204081,0.0521664879356568,120.9800033569336,121.41999816894531,0.2502565089983868
2021-03-06,0.1697261194029851,0.0513940497335701,120.93000030517578,116.36000061035156,0.2502565089983868
2021-03-07,0.1668052631578947,0.051746167400881,120.93000030517578,116.36000061035156,0.2502565089983868
2021-03-08,0.0899379310344827,0.0519100519930675,120.93000030517578,116.36000061035156,0.2502565089983868
2021-03-09,0.1937135678391959,0.0520759932375316,119.02999877929688,121.08999633789062,0.2502565089983868
2021-03-10,0.2476751111111111,0.054076119402985,121.69000244140625,119.9800033569336,0.2502565089983868
2021-03-11,0.1653573033707865,0.0537106035889069,122.54000091552734,121.95999908447266,0.2502565089983868
2021-03-12,0.2072747058823529,0.0531796311146751,120.4000015258789,121.02999877929688,0.2502565089983868
2021-03-13,0.1519685483870967,0.0517657370517927,121.41000366210938,123.98999786376953,0.2502565089983868
2021-03-14,0.1646296610169491,0.0507879556259904,121.41000366210938,123.98999786376953,0.2502565089983868
2021-03-15,0.2576576,0.0496897035881434,121.41000366210938,123.98999786376953,0.2502565089983868
2021-03-16,0.223118064516129,0.0495173547400611,125.69999694824219,125.56999969482422,0.2502565089983868
2021-03-17,0.2109255474452554,0.0494924755455229,124.05000305175781,124.76000213623047,0.2502565089983868
2021-03-18,0.2087668604651162,0.0495159527326439,122.87999725341797,120.52999877929688,0.2502565089983868
2021-03-19,0.1380595588235294,0.0487405701754385,119.9000015258789,119.98999786376953,0.2502565089983868
2021-03-20,0.184456,0.0486886627906976,120.33000183105469,123.38999938964844,0.2502565089983868
2021-03-21,0.2097256637168141,0.0484033333333332,120.33000183105469,123.38999938964844,0.2502565089983868
2021-03-22,0.1595130434782608,0.0485109363831307,120.33000183105469,123.38999938964844,0.2502565089983868
2021-03-23,0.2195721804511278,0.048435944055944,123.33000183105469,122.54000091552734,0.2502565089983868
2021-03-24,0.1857023255813953,0.0468750688705233,122.81999969482422,120.08999633789062,0.2502565089983868
2021-03-25,0.1821044642857142,0.0460111637347766,119.54000091552734,120.58999633789062,0.2502565089983868
2021-03-26,0.09884375,0.0448969127516777,120.3499984741211,121.20999908447266,0.2502565089983868
2021-03-27,0.3435614754098361,0.0456638795986621,121.6500015258789,121.38999938964844,0.2502565089983868
2021-03-28,0.2030659793814432,0.0456576948700865,121.6500015258789,121.38999938964844,0.2502565089983868
2021-03-29,0.2048880341880342,0.046617082785808,121.6500015258789,121.38999938964844,0.2502565089983868
2021-03-30,0.2145331034482758,0.0467907276239535,120.11000061035156,119.9000015258789,0.2502565089983868
2021-03-31,0.3124029577464789,0.0477306767868437,121.6500015258789,122.1500015258789,0.2502565089983868
2021-04-01,0.3083705463182898,0.0470490342679127,123.66000366210938,123.0,0.2502565089983868
2021-04-02,0.2125241610738255,0.0470930693069306,123.87000274658203,125.9000015258789,0.2502565089983868
2021-04-03,0.2540680412371134,0.0470462723351816,123.87000274658203,125.9000015258789,0.2502565089983868
2021-04-04,0.2761907894736842,0.0469804054054053,123.87000274658203,125.9000015258789,0.2502565089983868
2021-04-05,0.146195,0.0472747119466342,123.87000274658203,125.9000015258789,0.2502565089983868
2021-04-06,0.1496343511450381,0.046607531380753,126.5,126.20999908447266,0.2502565089983868
2021-04-07,0.2065582089552239,0.0455508235294116,125.83000183105469,127.9000015258789,0.2502565089983868
2021-04-08,0.2295669117647059,0.044576726639582,128.9499969482422,130.36000061035156,0.2502565089983868
2021-04-09,0.242829197080292,0.0444222794959907,129.8000030517578,133.0,0.2502565089983868
2021-04-10,0.2217939759036144,0.0443568493150684,132.52000427246094,131.24000549316406,0.2502565089983868
2021-04-11,0.1606486486486486,0.0439821793416571,132.52000427246094,131.24000549316406,0.2502565089983868
2021-04-12,0.277114406779661,0.0451973669467786,132.52000427246094,131.24000549316406,0.2502565089983868
2021-04-13,0.2326779310344827,0.0456771475770924,132.44000244140625,134.42999267578125,0.2502565089983868
2021-04-14,0.2033958333333333,0.0462588043478259,134.94000244140625,132.02999877929688,0.2502565089983868
2021-04-15,0.1718525547445255,0.0460820911528148,133.82000732421875,134.5,0.2502565089983868
2021-04-16,0.2030459259259259,0.0464139435870142,134.3000030517578,134.16000366210938,0.2502565089983868
2021-04-17,0.1095125,0.0461415474297825,133.50999450683594,134.83999633789062,0.2502565089983868
2021-04-18,0.125020652173913,0.0460604122621563,133.50999450683594,134.83999633789062,0.2502565089983868
2021-04-19,0.1632089820359281,0.0470133228840124,133.50999450683594,134.83999633789062,0.2502565089983868
2021-04-20,0.1716436734693877,0.0466525964010281,135.02000427246094,133.11000061035156,0.2502565089983868
2021-04-21,0.1893013392857142,0.0460252024291496,132.36000061035156,133.5,0.2502565089983868
2021-04-22,0.1825236363636363,0.0453069395906139,133.0399932861328,131.94000244140625,0.2502565089983868
2021-04-23,0.2302029629629629,0.0458350642927792,132.16000366210938,134.32000732421875,0.2502565089983868
2021-04-24,0.2861440366972477,0.0455931000492852,134.8300018310547,134.72000122070312,0.2502565089983868
2021-04-25,0.2027205128205128,0.0452617387033397,134.8300018310547,134.72000122070312,0.2502565089983868
2021-04-26,0.1192323275862068,0.0451743217054262,134.8300018310547,134.72000122070312,0.2502565089983868
2021-04-27,0.146396449704142,0.0458199140401144,135.00999450683594,134.38999938964844,0.2502565089983868
2021-04-28,0.1365697916666666,0.0451457882352939,134.30999755859375,133.5800018310547,0.2502565089983868
2021-04-29,0.1831754521963824,0.0460196934509984,136.47000122070312,133.47999572753906,0.2502565089983868
2021-04-30,0.1832145833333333,0.0450506422018347,131.77999877929688,131.4600067138672,0.2502565089983868
2021-05-01,0.1558006172839506,0.0458194241316269,132.0399932861328,132.5399932861328,0.2502565089983868
2021-05-02,0.1840881118881119,0.0461879616963062,132.0399932861328,132.5399932861328,0.2502565089983868
2021-05-03,0.1082298969072165,0.0453182800540295,132.0399932861328,132.5399932861328,0.2502565089983868
2021-05-04,0.1743473958333333,0.0450409857904083,131.19000244140625,127.8499984741211,0.2502565089983868
2021-05-05,0.1960684848484848,0.0445379401408449,129.1999969482422,128.10000610351562,0.2502565089983868
2021-05-06,0.2471060240963855,0.0448430004361097,127.88999938964844,129.74000549316406,0.2502565089983868
2021-05-07,0.2112897280966767,0.0440865600691441,130.85000610351562,130.2100067138672,0.2502565089983868
2021-05-08,0.1902925714285714,0.0443216716932355,129.41000366210938,126.8499984741211,0.2502565089983868
2021-05-09,0.27776953125,0.0434858616244089,129.41000366210938,126.8499984741211,0.2502565089983868
2021-05-10,0.2225196319018405,0.0432155385270326,129.41000366210938,126.8499984741211,0.2502565089983868
2021-05-11,0.1915542682926829,0.0431659798149704,123.5,125.91000366210938,0.2502565089983868
2021-05-12,0.1302936170212766,0.0427475971583784,123.4000015258789,122.7699966430664,0.2502565089983868
2021-05-13,0.199331690140845,0.043502277432712,124.58000183105469,124.97000122070312,0.2502565089983868
2021-05-14,0.1635157894736842,0.0436242312423122,126.25,127.44999694824219,0.2502565089983868
2021-05-15,0.1759077669902912,0.0434221767594106,126.81999969482422,126.2699966430664,0.2502565089983868
2021-05-16,0.2463518987341772,0.0428367455138661,126.81999969482422,126.2699966430664,0.2502565089983868
2021-05-17,0.2468480769230769,0.0427335890189744,126.81999969482422,126.2699966430664,0.2502565089983868
2021-05-18,0.2256201754385964,0.0433023923444974,126.55999755859375,124.8499984741211,0.2502565089983868
2021-05-19,0.2679623762376237,0.0429338072669824,123.16000366210938,124.69000244140625,0.2502565089983868
2021-05-20,0.1878391752577319,0.0430638106416274,125.2300033569336,127.30999755859375,0.2502565089983868
2021-05-21,0.1962598765432098,0.0440541795665633,127.81999969482422,125.43000030517578,0.2502565089983868
2021-05-22,0.2409329896907216,0.0439033564814813,126.01000213623047,127.0999984741211,0.2502565089983868
2021-05-23,0.2852576470588235,0.0435586220169359,126.01000213623047,127.0999984741211,0.2502565089983868
2021-05-24,0.2399794117647058,0.0430288439526896,126.01000213623047,127.0999984741211,0.2502565089983868
2021-05-25,0.1949553956834532,0.0433241301059,127.81999969482422,126.9000015258789,0.2502565089983868
2021-05-26,0.2378661971830986,0.0439979010494751,126.95999908447266,126.8499984741211,0.2502565089983868
2021-05-27,0.12666,0.0439878720238093,126.44000244140625,125.27999877929688,0.2502565089983868
2021-05-28,0.1523550561797752,0.0444312847093667,125.56999969482422,124.61000061035156,0.2502565089983868
2021-05-29,0.20326,0.0444515319306015,125.08000183105469,124.27999877929688,0.2502565089983868
2021-05-30,0.0910620253164557,0.0445932965009206,125.08000183105469,124.27999877929688,0.2502565089983868
2021-05-31,0.1382559322033898,0.0448399193548385,125.08000183105469,124.27999877929688,0.2502565089983868
2021-06-01,0.1920133802816901,0.0450971272727271,125.08000183105469,124.27999877929688,0.2502565089983868
2021-06-02,0.2119515923566878,0.0451747841726617,124.27999877929688,125.05999755859375,0.2502565089983868
2021-06-03,0.2013,0.0448930124777182,124.68000030517578,123.54000091552734,0.2502565089983868
2021-06-04,0.1468158333333333,0.0439081834215166,124.06999969482422,125.88999938964844,0.2502565089983868
2021-06-05,0.2127508333333333,0.0439107594936707,126.16999816894531,125.9000015258789,0.2502565089983868
2021-06-06,0.2219865979381443,0.0440089410939689,126.16999816894531,125.9000015258789,0.2502565089983868
2021-06-07,0.1630194285714285,0.0438096427332638,126.16999816894531,125.9000015258789,0.2502565089983868
2021-06-08,0.1286883561643835,0.0430802676733011,126.5999984741211,126.73999786376953,0.2502565089983868
2021-06-09,0.1893853658536585,0.0428673920435224,127.20999908447266,127.12999725341797,0.2502565089983868
2021-06-10,0.1934023076923076,0.0432573310810809,127.0199966430664,126.11000061035156,0.2502565089983868
2021-06-11,0.2134904761904761,0.0429542895442357,126.52999877929688,127.3499984741211,0.2502565089983868
2021-06-12,0.2703117021276595,0.0432283946488292,127.81999969482422,130.47999572753906,0.2502565089983868
2021-06-13,0.2268613636363636,0.0432548214881546,127.81999969482422,130.47999572753906,0.2502565089983868
2021-06-14,0.1980616071428571,0.0445718636213172,127.81999969482422,130.47999572753906,0.2502565089983868
2021-06-15,0.1734039215686275,0.0452500983606555,129.94000244140625,129.63999938964844,0.2502565089983868
2021-06-16,0.2233282051282051,0.0447158631921822,130.3699951171875,130.14999389648438,0.2502565089983868
2021-06-17,0.1943447154471544,0.0454007436146134,129.8000030517578,131.7899932861328,0.2502565089983868
2021-06-18,0.2502513274336283,0.0452051868556699,130.7100067138672,130.4600067138672,0.2502565089983868
2021-06-19,0.1527828947368421,0.0456015107682415,130.3000030517578,132.3000030517578,0.2502565089983868
2021-06-20,0.0546624999999999,0.045454105195638,130.3000030517578,132.3000030517578,0.2502565089983868
2021-06-21,0.1619211428571428,0.0462244112030552,130.3000030517578,132.3000030517578,0.2502565089983868
2021-06-22,0.1856560606060606,0.047010066266961,132.1300048828125,133.97999572753906,0.2502565089983868
2021-06-23,0.1944715517241379,0.0462176360225139,133.77000427246094,133.6999969482422,0.2502565089983868
2021-06-24,0.2450630872483221,0.0467512868217052,134.4499969482422,133.41000366210938,0.2502565089983868
2021-06-25,0.2341052631578947,0.0467043518518517,133.4600067138672,133.11000061035156,0.2502565089983868
2021-06-26,0.1398478873239436,0.0467780480295565,133.41000366210938,134.77999877929688,0.2502565089983868
2021-06-27,0.2025179775280899,0.0465680282555281,133.41000366210938,134.77999877929688,0.2502565089983868
2021-06-28,0.1849488372093023,0.0465853613906677,133.41000366210938,134.77999877929688,0.2502565089983868
2021-06-29,0.1834992125984252,0.0471879951617779,134.8000030517578,136.3300018310547,0.2502565089983868
2021-06-30,0.254075,0.0472399459783912,136.1699981689453,136.9600067138672,0.2502565089983868
2021-07-01,0.2718130434782609,0.0474781156827667,136.60000610351562,137.27000427246094,0.2502565089983868
2021-07-02,0.2580278195488722,0.0472932660931472,137.89999389648438,139.9600067138672,0.2502565089983868
2021-07-03,0.1327959459459459,0.0471489783831802,140.07000732421875,142.02000427246094,0.2502565089983868
2021-07-04,0.2801650793650794,0.0471391676505311,140.07000732421875,142.02000427246094,0.2502565089983868
2021-07-05,0.1506182926829268,0.046764354980899,140.07000732421875,142.02000427246094,0.2502565089983868
2021-07-06,0.102175392670157,0.0468911695906431,140.07000732421875,142.02000427246094,0.2502565089983868
2021-07-07,0.1550956043956044,0.0469005520046483,143.5399932861328,144.57000732421875,0.2502565089983868
2021-07-08,0.1806543046357615,0.0463342097659634,141.5800018310547,143.24000549316406,0.2502565089983868
2021-07-09,0.1953233333333333,0.0463145928899081,142.75,145.11000061035156,0.2502565089983868
2021-07-10,0.2793673913043478,0.0461020028612302,146.2100067138672,144.5,0.2502565089983868
2021-07-11,0.1510710144927536,0.0461430162810624,146.2100067138672,144.5,0.2502565089983868
2021-07-12,0.1595238461538461,0.0458695602836878,146.2100067138672,144.5,0.2502565089983868
2021-07-13,0.1415059459459459,0.0448920134983125,144.02999877929688,145.63999938964844,0.2502565089983868
2021-07-14,0.1916859090909091,0.0451418481295364,148.10000610351562,149.14999389648438,0.2502565089983868
2021-07-15,0.1813322222222222,0.0443512593412675,149.24000549316406,148.47999572753906,0.2502565089983868
2021-07-16,0.2434514925373134,0.044039862258953,148.4600067138672,146.38999938964844,0.2502565089983868
2021-07-17,0.2515977777777777,0.0440448143053643,143.75,142.4499969482422,0.2502565089983868
2021-07-18,0.1877845360824742,0.0437969256107602,143.75,142.4499969482422,0.2502565089983868
2021-07-19,0.1199056603773584,0.0433509006550217,143.75,142.4499969482422,0.2502565089983868
2021-07-20,0.156206289308176,0.0439376454668469,143.4600067138672,146.14999389648438,0.2502565089983868
2021-07-21,0.2379547826086956,0.043623737916219,145.52999877929688,145.39999389648438,0.2502565089983868
2021-07-22,0.2301559701492537,0.0442499866773247,145.94000244140625,146.8000030517578,0.2502565089983868
2021-07-23,0.1944785123966942,0.0442228246495635,147.5500030517578,148.55999755859375,0.2502565089983868
2021-07-24,0.1995863157894736,0.0442198944591028,148.27000427246094,148.99000549316406,0.2502565089983868
2021-07-25,0.1816437499999999,0.0444187516460362,148.27000427246094,148.99000549316406,0.2502565089983868
2021-07-26,0.22193359375,0.0446726417559445,148.27000427246094,148.99000549316406,0.2502565089983868
2021-07-27,0.1206323529411764,0.0451457231726282,149.1199951171875,146.77000427246094,0.2502565089983868
2021-07-28,0.0643630434782608,0.0449028836251286,144.80999755859375,144.97999572753906,0.2502565089983868
2021-07-29,0.188845390070922,0.0449873015873015,144.69000244140625,145.63999938964844,0.2502565089983868
2021-07-30,0.1352063694267516,0.0450665732484075,144.3800048828125,145.86000061035156,0.2502565089983868
2021-07-31,0.1770220183486238,0.045043413021363,146.36000061035156,145.52000427246094,0.2502565089983868
2021-08-01,0.1766194805194805,0.0447851522842638,146.36000061035156,145.52000427246094,0.2502565089983868
2021-08-02,0.2089561904761905,0.0449541140837959,146.36000061035156,145.52000427246094,0.2502565089983868
2021-08-03,0.149457894736842,0.0448782064128255,145.80999755859375,147.36000061035156,0.2502565089983868
2021-08-04,0.2461205673758865,0.045269248007968,147.27000427246094,146.9499969482422,0.2502565089983868
2021-08-05,0.2160106870229008,0.0458745854986389,146.97999572753906,147.05999755859375,0.2502565089983868
2021-08-06,0.1912355371900826,0.0461478807294233,146.35000610351562,146.13999938964844,0.2502565089983868
2021-08-07,0.2250599999999999,0.0464899680354068,146.1999969482422,146.08999633789062,0.2502565089983868
2021-08-08,0.1577239583333333,0.046677510434569,146.1999969482422,146.08999633789062,0.2502565089983868
2021-08-09,0.2406376146788991,0.0470057603124236,146.1999969482422,146.08999633789062,0.2502565089983868
2021-08-10,0.172830303030303,0.0474179679922405,146.44000244140625,145.60000610351562,0.2502565089983868
2021-08-11,0.2211029411764706,0.0476104844540852,146.0500030517578,145.86000061035156,0.2502565089983868
2021-08-12,0.1614696202531645,0.0472798369695516,146.19000244140625,148.88999938964844,0.2502565089983868
2021-08-13,0.20614921875,0.0474020300931454,148.97000122070312,149.10000610351562,0.2502565089983868
2021-08-14,0.1250215909090909,0.0474517865650309,148.5399932861328,151.1199951171875,0.2502565089983868
2021-08-15,0.1411909090909091,0.0476731701520912,148.5399932861328,151.1199951171875,0.2502565089983868
2021-08-16,0.13742,0.0473992901088499,148.5399932861328,151.1199951171875,0.2502565089983868
2021-08-17,0.1813398373983739,0.0478169133192388,150.22999572753906,150.19000244140625,0.2502565089983868
2021-08-18,0.1950310077519379,0.0477494158878504,149.8000030517578,146.36000061035156,0.2502565089983868
2021-08-19,0.0858004926108374,0.0476115679442508,145.02999877929688,146.6999969482422,0.2502565089983868
2021-08-20,0.2066897260273972,0.0474673431734317,147.44000244140625,148.19000244140625,0.2502565089983868
2021-08-21,0.2277542857142857,0.0477268399264029,148.30999755859375,149.7100067138672,0.2502565089983868
2021-08-22,0.2539707692307692,0.0478654729109274,148.30999755859375,149.7100067138672,0.2502565089983868
2021-08-23,0.2687120879120879,0.0475683801690655,148.30999755859375,149.7100067138672,0.2502565089983868
2021-08-24,0.2509156028368794,0.0477954824063564,149.4499969482422,149.6199951171875,0.2502565089983868
2021-08-25,0.2355059259259259,0.0482351893597835,149.80999755859375,148.36000061035156,0.2502565089983868
2021-08-26,0.2153994791666666,0.0487261483307192,148.35000610351562,147.5399932861328,0.2502565089983868
2021-08-27,0.2741700757575757,0.048632448706512,147.47999572753906,148.60000610351562,0.2502565089983868
2021-08-28,0.358165,0.0490431939501779,149.0,153.1199951171875,0.2502565089983868
2021-08-29,0.2032797752808988,0.0486618847006651,149.0,153.1199951171875,0.2502565089983868
2021-08-30,0.1612560846560846,0.048477270723104,149.0,153.1199951171875,0.2502565089983868
2021-08-31,0.1386460317460317,0.0485439649507119,152.66000366210938,151.8300018310547,0.2502565089983868
2021-09-01,0.1225505494505494,0.0489053135888501,152.8300018310547,152.50999450683594,0.2502565089983868
2021-09-02,0.1615415525114155,0.0489913692407527,153.8699951171875,153.64999389648438,0.2502565089983868
2021-09-03,0.2290483146067415,0.0489482981473502,153.75999450683594,154.3000030517578,0.2502565089983868
2021-09-04,0.1720539823008849,0.0490928648183967,154.97000122070312,156.69000244140625,0.2502565089983868
2021-09-05,0.2028173913043478,0.0492176786097404,154.97000122070312,156.69000244140625,0.2502565089983868
2021-09-06,0.1309093167701863,0.0492219345174406,154.97000122070312,156.69000244140625,0.2502565089983868
2021-09-07,0.0985219584569733,0.0491863104109005,154.97000122070312,156.69000244140625,0.2502565089983868
2021-09-08,0.1309041666666666,0.0489018428299089,156.97999572753906,155.11000061035156,0.2502565089983868
2021-09-09,0.1860909952606635,0.0492487038988409,155.49000549316406,154.07000732421875,0.2502565089983868
2021-09-10,0.1571902527075812,0.0491566037735849,155.0,148.97000122070312,0.2502565089983868
2021-09-11,0.0975833333333333,0.0493795939723734,150.6300048828125,149.5500030517578,0.2502565089983868
2021-09-12,0.1469736363636363,0.0494899540517961,150.6300048828125,149.5500030517578,0.2502565089983868
2021-09-13,0.1145265486725663,0.0493905029093932,150.6300048828125,149.5500030517578,0.2502565089983868
2021-09-14,0.1482169950738916,0.049634317571753,150.35000610351562,148.1199951171875,0.2502565089983868
2021-09-15,0.1562397058823529,0.0497691218711531,148.55999755859375,149.02999877929688,0.2502565089983868
2021-09-16,0.2200994680851063,0.0498031843233313,148.44000244140625,148.7899932861328,0.2502565089983868
2021-09-17,0.1443319796954314,0.0500016849370686,148.82000732421875,146.05999755859375,0.2502565089983868
2021-09-18,0.1758355932203389,0.0501957261494835,143.8000030517578,142.94000244140625,0.2502565089983868
2021-09-19,0.18250078125,0.0503134735990289,143.8000030517578,142.94000244140625,0.2502565089983868
2021-09-20,0.1851104651162791,0.0510917287180519,143.8000030517578,142.94000244140625,0.2502565089983868
2021-09-21,0.2001190184049079,0.0512441,143.92999267578125,143.42999267578125,0.2502565089983868
2021-09-22,0.1700626943005181,0.0510863049095607,144.4499969482422,145.85000610351562,0.2502565089983868
2021-09-23,0.1836,0.051327123666535,146.64999389648438,146.8300018310547,0.2502565089983868
2021-09-24,0.1174790243902439,0.0512787890701789,145.66000366210938,146.9199981689453,0.2502565089983868
2021-09-25,0.1961020689655172,0.0514308612909555,145.47000122070312,145.3699951171875,0.2502565089983868
2021-09-26,0.1940947368421053,0.0514390878841261,145.47000122070312,145.3699951171875,0.2502565089983868
2021-09-27,0.1933154838709677,0.051355929892892,145.47000122070312,145.3699951171875,0.2502565089983868
2021-09-28,0.1507409090909091,0.0513058675445392,143.25,141.91000366210938,0.2502565089983868
2021-09-29,0.1784360248447205,0.0518331213872833,142.47000122070312,142.8300018310547,0.2502565089983868
2021-09-30,0.148425,0.0522945520813352,143.66000366210938,141.5,0.2502565089983868
2021-10-01,0.3171848684210526,0.0520843773873186,141.89999389648438,142.64999389648438,0.2502565089983868
2021-10-02,0.2215403225806451,0.0517879527258864,141.75999450683594,139.13999938964844,0.2502565089983868
2021-10-03,0.181165,0.0518611957349582,141.75999450683594,139.13999938964844,0.2502565089983868
2021-10-04,0.1110076923076923,0.0521530291556229,141.75999450683594,139.13999938964844,0.2502565089983868
2021-10-05,0.1097035714285714,0.0515857707509882,139.49000549316406,141.11000061035156,0.2502565089983868
2021-10-06,0.0960428571428571,0.0512577615298088,139.47000122070312,142.0,0.2502565089983868
2021-10-07,0.1532511764705882,0.0518733109369168,143.05999755859375,143.2899932861328,0.2502565089983868
2021-10-08,0.1064689024390244,0.0518413459750884,144.02999877929688,142.89999389648438,0.2502565089983868
2021-10-09,0.2163491525423728,0.0519447085035277,142.27000427246094,142.80999755859375,0.2502565089983868
2021-10-10,0.239438596491228,0.0519368674698796,142.27000427246094,142.80999755859375,0.2502565089983868
2021-10-11,0.2248115151515151,0.0523150249491777,142.27000427246094,142.80999755859375,0.2502565089983868
2021-10-12,0.1240291479820627,0.0524889727540502,143.22999572753906,141.50999450683594,0.2502565089983868
2021-10-13,0.1488521875,0.0526930927079517,141.24000549316406,140.91000366210938,0.2502565089983868
2021-10-14,0.1656385542168674,0.0530293355239139,142.11000061035156,143.75999450683594,0.2502565089983868
2021-10-15,0.1851598684210526,0.052948717948718,143.77000427246094,144.83999633789062,0.2502565089983868
2021-10-16,0.1868447552447552,0.0531238873751136,143.4499969482422,146.5500030517578,0.2502565089983868
2021-10-17,0.1696307692307692,0.0532744468625318,143.4499969482422,146.5500030517578,0.2502565089983868
2021-10-18,0.1587617647058823,0.0532159242560867,143.4499969482422,146.5500030517578,0.2502565089983868
2021-10-19,0.1911638392857143,0.052953408683172,147.00999450683594,148.75999450683594,0.2502565089983868
2021-10-20,0.1960313725490196,0.0529118256520187,148.6999969482422,149.25999450683594,0.2502565089983868
2021-10-21,0.089108606557377,0.0529507112375535,148.80999755859375,149.47999572753906,0.2502565089983868
2021-10-22,0.0691132530120482,0.0525406261054123,149.69000244140625,148.69000244140625,0.2502565089983868
2021-10-23,0.137354074074074,0.0525527012711866,148.67999267578125,148.63999938964844,0.2502565089983868
2021-10-24,0.0964773722627737,0.0525795061728397,148.67999267578125,148.63999938964844,0.2502565089983868
2021-10-25,0.1876536363636363,0.0530659701492539,148.67999267578125,148.63999938964844,0.2502565089983868
2021-10-26,0.1654259842519685,0.0531534534009444,149.3300018310547,149.32000732421875,0.2502565089983868
2021-10-27,0.1859397637795275,0.0534824216027876,149.36000061035156,148.85000610351562,0.2502565089983868
2021-10-28,0.1182195046439628,0.0536843874545141,149.82000732421875,152.57000732421875,0.2502565089983868
2021-10-29,0.1256405117270789,0.0536132941988952,147.22000122070312,149.8000030517578,0.2502565089983868
2021-10-30,0.2041608695652174,0.0536250215554407,148.99000549316406,148.9600067138672,0.2502565089983868
2021-10-31,0.2733388157894736,0.0535470983296023,148.99000549316406,148.9600067138672,0.2502565089983868
2021-11-01,0.2210337662337662,0.0538474369963999,148.99000549316406,148.9600067138672,0.2502565089983868
2021-11-02,0.1640651933701657,0.0537952251023194,148.66000366210938,150.02000427246094,0.2502565089983868
2021-11-03,0.2317083870967742,0.0536522144917701,150.38999938964844,151.49000549316406,0.2502565089983868
2021-11-04,0.1406556962025316,0.0535489861439677,151.5800018310547,150.9600067138672,0.2502565089983868
2021-11-05,0.1704813664596273,0.053245822102426,151.88999938964844,151.27999877929688,0.2502565089983868
2021-11-06,0.2034338842975206,0.0530987041400203,151.41000366210938,150.44000244140625,0.2502565089983868
2021-11-07,0.0962419354838709,0.0531281250000001,151.41000366210938,150.44000244140625,0.2502565089983868
2021-11-08,0.171332,0.0532601105712851,151.41000366210938,150.44000244140625,0.2502565089983868
2021-11-09,0.0846573770491803,0.0530018672890965,150.1999969482422,150.80999755859375,0.2502565089983868
2021-11-10,0.1586071428571428,0.052903722166833,150.02000427246094,147.9199981689453,0.2502565089983868
2021-11-11,0.1240958646616541,0.0528775422325275,148.9600067138672,147.8699951171875,0.2502565089983868
2021-11-12,0.1299441379310345,0.0531288947629276,148.42999267578125,149.99000549316406,0.2502565089983868
2021-11-13,0.2364813084112149,0.0532136588584627,150.3699951171875,150.0,0.2502565089983868
2021-11-14,0.1239499999999999,0.0532436645246335,150.3699951171875,150.0,0.2502565089983868
2021-11-15,0.2064755555555555,0.0534013471332349,150.3699951171875,150.0,0.2502565089983868
2021-11-16,0.1431482993197279,0.0534595027805039,149.94000244140625,151.0,0.2502565089983868
2021-11-17,-0.0025770676691729,0.053811860540893,151.0,153.49000549316406,0.2502565089983868
2021-11-18,0.1507225108225108,0.0539224529526283,153.7100067138672,157.8699951171875,0.2502565089983868
2021-11-19,0.1951404833836857,0.0541711858922506,157.64999389648438,160.5500030517578,0.2502565089983868
2021-11-20,0.1627474285714285,0.0543623990958994,161.67999267578125,161.02000427246094,0.2502565089983868
2021-11-21,0.1225696296296296,0.0544319361599228,161.67999267578125,161.02000427246094,0.2502565089983868
2021-11-22,0.1719827411167512,0.0549543086816722,161.67999267578125,161.02000427246094,0.2502565089983868
2021-11-23,0.21448,0.0551499199487674,161.1199951171875,161.41000366210938,0.2502565089983868
2021-11-24,0.2382292207792208,0.0554602044075377,160.75,161.94000244140625,0.2502565089983868
2021-11-25,0.1969282258064516,0.0555308305435997,159.3699951171875,160.24000549316406,0.2502565089983868
2021-11-26,0.193378947368421,0.0561832803054408,159.3699951171875,160.24000549316406,0.2502565089983868
2021-11-27,0.2151587155963303,0.0562770734032413,159.3699951171875,160.24000549316406,0.2502565089983868
2021-11-28,0.0997126315789473,0.0564567597588069,159.3699951171875,160.24000549316406,0.2502565089983868
2021-11-29,0.2420982300884956,0.0568547901821063,159.3699951171875,160.24000549316406,0.2502565089983868
2021-11-30,0.1355659176029962,0.0571165535742467,159.99000549316406,165.3000030517578,0.2502565089983868
2021-12-01,0.1518804270462633,0.0571560207775856,167.47999572753906,164.77000427246094,0.2502565089983868
2021-12-02,0.0815463519313304,0.0571459764705884,158.74000549316406,163.75999450683594,0.2502565089983868
2021-12-03,0.1667161764705882,0.0573480895709366,164.02000427246094,161.83999633789062,0.2502565089983868
2021-12-04,0.1748701923076923,0.0573839173967461,164.2899932861328,165.32000732421875,0.2502565089983868
2021-12-05,0.0961,0.0573834505391469,164.2899932861328,165.32000732421875,0.2502565089983868
2021-12-06,0.1027516853932584,0.0578359869138497,164.2899932861328,165.32000732421875,0.2502565089983868
2021-12-07,0.1851018018018018,0.0579628549262996,169.0800018310547,171.17999267578125,0.2502565089983868
2021-12-08,0.1521715909090909,0.0585330293663062,172.1300048828125,175.0800018310547,0.2502565089983868
2021-12-09,0.1900941979522184,0.0586203666615315,174.91000366210938,174.55999755859375,0.2502565089983868
2021-12-10,0.1531709821428571,0.0589906115550094,175.2100067138672,179.4499969482422,0.2502565089983868
2021-12-11,0.1541602836879432,0.0592204758250194,181.1199951171875,175.74000549316406,0.2502565089983868
2021-12-12,0.1539659793814433,0.0592868538119346,181.1199951171875,175.74000549316406,0.2502565089983868
2021-12-13,0.1675372093023256,0.0594143031784843,181.1199951171875,175.74000549316406,0.2502565089983868
2021-12-14,0.129992607003891,0.0595143487522826,175.25,174.3300018310547,0.2502565089983868
2021-12-15,0.1968903743315508,0.0602195543428834,175.11000061035156,179.3000030517578,0.2502565089983868
2021-12-16,0.2077585635359116,0.0604937812074446,179.27999877929688,172.25999450683594,0.2502565089983868
2021-12-17,0.218050641025641,0.0604837535859885,169.92999267578125,171.13999938964844,0.2502565089983868
2021-12-18,0.1327869158878504,0.0604735817742911,168.27999877929688,169.75,0.2502565089983868
2021-12-19,0.1773747572815534,0.0602928280849784,168.27999877929688,169.75,0.2502565089983868
2021-12-20,0.1416485981308411,0.0605357883661508,168.27999877929688,169.75,0.2502565089983868
2021-12-21,0.2119247933884297,0.0606087269455693,171.55999755859375,172.99000549316406,0.2502565089983868
2021-12-22,0.1715402366863905,0.0606923560209426,173.0399932861328,175.63999938964844,0.2502565089983868
2021-12-23,0.1813052173913043,0.0607540689861134,175.85000610351562,176.27999877929688,0.2502565089983868
2021-12-24,0.2027097345132743,0.061038223017293,177.08999633789062,180.3300018310547,0.2502565089983868
2021-12-25,0.1291052631578947,0.0610200298062595,177.08999633789062,180.3300018310547,0.2502565089983868
2021-12-26,0.276586075949367,0.0612318147982733,177.08999633789062,180.3300018310547,0.2502565089983868
2021-12-27,0.1466086614173228,0.0614755463059316,177.08999633789062,180.3300018310547,0.2502565089983868
2021-12-28,0.3801928571428571,0.0618043317015282,180.16000366210938,179.2899932861328,0.2502565089983868
2021-12-29,0.3872192913385827,0.061904443786106,179.3300018310547,179.3800048828125,0.2502565089983868
2021-12-30,0.2807311688311689,0.061824881656805,179.47000122070312,178.1999969482422,0.2502565089983868
2021-12-31,0.2609066176470588,0.0619808595480729,178.08999633789062,177.57000732421875,0.2502565089983868
2022-01-01,0.1428428571428571,0.0620186218090603,177.8300018310547,182.00999450683594,0.2502565089983868
2022-01-02,0.1905230769230769,0.0621688862698883,177.8300018310547,182.00999450683594,0.2502565089983868
2022-01-03,0.2402198813056379,0.0625198443008228,177.8300018310547,182.00999450683594,0.2502565089983868
2022-01-04,0.2195408403361344,0.0627352217830482,182.6300048828125,179.6999969482422,0.2502565089983868
2022-01-05,0.2193666666666666,0.0631788175182484,179.61000061035156,174.9199981689453,0.2502565089983868
2022-01-06,0.1911707692307692,0.0629146810369942,172.6999969482422,172.0,0.2502565089983868
2022-01-07,0.2388567961165048,0.0628533924160979,172.88999938964844,172.1699981689453,0.2502565089983868
2022-01-08,0.1487373493975903,0.062890579184207,169.0800018310547,172.19000244140625,0.2502565089983868
2022-01-09,0.22927,0.0628288821226623,169.0800018310547,172.19000244140625,0.2502565089983868
2022-01-10,0.1691660130718954,0.0630192513368987,169.0800018310547,172.19000244140625,0.2502565089983868
2022-01-11,0.1777,0.0626810483870971,172.32000732421875,175.0800018310547,0.2502565089983868
2022-01-12,0.1392697841726618,0.0627374677002587,176.1199951171875,175.52999877929688,0.2502565089983868
2022-01-13,0.1721139664804469,0.0623823605150218,175.77999877929688,172.19000244140625,0.2502565089983868
2022-01-14,0.2018948529411764,0.0625306341045419,171.33999633789062,173.07000732421875,0.2502565089983868
2022-01-15,0.1515020618556701,0.0624979172610559,171.50999450683594,169.8000030517578,0.2502565089983868
2022-01-16,0.1764638613861386,0.0624675498575502,171.50999450683594,169.8000030517578,0.2502565089983868
2022-01-17,0.2064887218045112,0.0627161551577156,171.50999450683594,169.8000030517578,0.2502565089983868
2022-01-18,0.1736608465608465,0.062917044488524,171.50999450683594,169.8000030517578,0.2502565089983868
2022-01-19,0.17796125,0.0630918032786888,170.0,166.22999572753906,0.2502565089983868
2022-01-20,0.1436122994652406,0.0631047900817135,166.97999572753906,164.50999450683594,0.2502565089983868
2022-01-21,0.2524185929648241,0.0631274926170724,164.4199981689453,162.41000366210938,0.2502565089983868
2022-01-22,0.228421649484536,0.0632010538148099,160.02000427246094,161.6199951171875,0.2502565089983868
2022-01-23,0.1543863247863248,0.0633004348435969,160.02000427246094,161.6199951171875,0.2502565089983868
2022-01-24,0.1694574585635359,0.0631854723582928,160.02000427246094,161.6199951171875,0.2502565089983868
2022-01-25,0.1028479041916167,0.0634578242677827,158.97999572753906,159.77999877929688,0.2502565089983868
2022-01-26,0.2086966216216216,0.063704934667779,163.5,159.69000244140625,0.2502565089983868
2022-01-27,0.1899808641975308,0.0640655358626422,162.4499969482422,159.22000122070312,0.2502565089983868
2022-01-28,0.1344800910125142,0.0642981085185699,165.7100067138672,170.3300018310547,0.2502565089983868
2022-01-29,0.1557035369774919,0.0643581103448279,170.16000366210938,174.77999877929688,0.2502565089983868
2022-01-30,0.2281616915422885,0.0642516533480301,170.16000366210938,174.77999877929688,0.2502565089983868
2022-01-31,0.1856755208333333,0.064258191313909,170.16000366210938,174.77999877929688,0.2502565089983868
2022-02-01,0.1685608433734939,0.0639438783894826,174.00999450683594,174.61000061035156,0.2502565089983868
2022-02-02,0.1873763779527559,0.0640628758884639,174.75,175.83999633789062,0.2502565089983868
2022-02-03,0.1066761437908496,0.0642805506337743,174.47999572753906,172.89999389648438,0.2502565089983868
2022-02-04,0.1105445692883895,0.0643889900774775,171.67999267578125,172.38999938964844,0.2502565089983868
2022-02-05,0.1434761538461538,0.064559234111896,172.86000061035156,171.66000366210938,0.2502565089983868
2022-02-06,0.2265693430656934,0.0646239044905715,172.86000061035156,171.66000366210938,0.2502565089983868
2022-02-07,0.181781592039801,0.0646545429925528,172.86000061035156,171.66000366210938,0.2502565089983868
2022-02-08,0.2129453038674033,0.0650130634278006,171.72999572753906,174.8300018310547,0.2502565089983868
2022-02-09,0.2162165714285714,0.065118273633181,176.0500030517578,176.27999877929688,0.2502565089983868
2022-02-10,0.1426007067137809,0.0647313264346193,174.13999938964844,172.1199951171875,0.2502565089983868
2022-02-11,0.2451114093959731,0.0645465396995711,172.3300018310547,168.63999938964844,0.2502565089983868
2022-02-12,0.2477927710843373,0.0643762625586071,167.3699951171875,168.8800048828125,0.2502565089983868
2022-02-13,0.1712648648648648,0.064376307692308,167.3699951171875,168.8800048828125,0.2502565089983868
2022-02-14,0.1597128205128205,0.0646490855693502,167.3699951171875,168.8800048828125,0.2502565089983868
2022-02-15,0.1840928571428571,0.0645294634536017,170.97000122070312,172.7899932861328,0.2502565089983868
2022-02-16,0.2450446666666666,0.0646199043316506,171.85000610351562,172.5500030517578,0.2502565089983868
2022-02-17,0.3297485875706215,0.0645755467196822,171.02999877929688,168.8800048828125,0.2502565089983868
2022-02-18,0.2320755244755245,0.0643841882601801,169.82000732421875,167.3000030517578,0.2502565089983868
2022-02-19,0.2315510869565217,0.0642582992209167,164.97999572753906,164.32000732421875,0.2502565089983868
2022-02-20,0.2602818181818181,0.0641053708102405,164.97999572753906,164.32000732421875,0.2502565089983868
2022-02-21,0.1885570175438596,0.0640432165437306,164.97999572753906,164.32000732421875,0.2502565089983868
2022-02-22,0.2212791946308725,0.0642209662596826,164.97999572753906,164.32000732421875,0.2502565089983868
2022-02-23,0.2087961832061068,0.0643408727558646,165.5399932861328,160.07000732421875,0.2502565089983868
2022-02-24,0.1662185897435897,0.0644047973856212,152.5800018310547,162.74000549316406,0.2502565089983868
2022-02-25,0.1567561403508772,0.0643660057396298,163.83999633789062,164.85000610351562,0.2502565089983868
2022-02-26,0.2122096385542168,0.0643735175289981,163.05999755859375,165.1199951171875,0.2502565089983868
2022-02-27,0.2165842105263158,0.064508721687061,163.05999755859375,165.1199951171875,0.2502565089983868
2022-02-28,0.2537544554455445,0.0644181004281825,163.05999755859375,165.1199951171875,0.2502565089983868
2022-03-01,0.0858811965811966,0.0643341308846356,164.6999969482422,163.1999969482422,0.2502565089983868
2022-03-02,0.1029804347826087,0.064577656008252,164.38999938964844,166.55999755859375,0.2502565089983868
2022-03-03,0.0805609195402299,0.0646014140635046,168.47000122070312,166.22999572753906,0.2502565089983868
2022-03-04,0.1646256578947368,0.0644337008075891,164.49000549316406,163.1699981689453,0.2502565089983868
2022-03-05,0.1335466666666666,0.0643084784836069,163.36000061035156,159.3000030517578,0.2502565089983868
2022-03-06,0.1235914634146341,0.0642238064763858,163.36000061035156,159.3000030517578,0.2502565089983868
2022-03-07,0.0659767441860465,0.0640016838882513,163.36000061035156,159.3000030517578,0.2502565089983868
2022-03-08,0.1734341772151898,0.0639663405336725,158.82000732421875,157.44000244140625,0.2502565089983868
2022-03-09,0.0935502057613168,0.0639148340511784,161.47999572753906,162.9499969482422,0.2502565089983868
2022-03-10,0.1748431924882629,0.0638939964610721,160.1999969482422,158.52000427246094,0.2502565089983868
2022-03-11,0.1497449101796407,0.0638900454201365,158.92999267578125,154.72999572753906,0.2502565089983868
2022-03-12,0.1405721518987341,0.0638315431164905,151.4499969482422,150.6199951171875,0.2502565089983868
2022-03-13,0.1701127659574468,0.0637332745591943,151.4499969482422,150.6199951171875,0.2502565089983868
2022-03-14,0.1043664974619289,0.063822706710229,151.4499969482422,150.6199951171875,0.2502565089983868
2022-03-15,0.1678576719576719,0.0638971929824564,150.89999389648438,155.08999633789062,0.2502565089983868
2022-03-16,0.1149793939393939,0.0641754502251128,157.0500030517578,159.58999633789062,0.2502565089983868
2022-03-17,0.2127210144927536,0.0640535228831528,158.61000061035156,160.6199951171875,0.2502565089983868
2022-03-18,0.18317,0.0643223369835741,160.50999450683594,163.97999572753906,0.2502565089983868
2022-03-19,0.2547985915492957,0.0643705831157531,163.50999450683594,165.3800048828125,0.2502565089983868
2022-03-20,0.2174235294117647,0.0644548695652176,163.50999450683594,165.3800048828125,0.2502565089983868
2022-03-21,0.1586582524271844,0.0645145035329121,163.50999450683594,165.3800048828125,0.2502565089983868
2022-03-22,0.2257373913043478,0.064332022749753,165.50999450683594,168.82000732421875,0.2502565089983868
2022-03-23,0.2792343558282208,0.0645074494326594,167.99000549316406,170.2100067138672,0.2502565089983868
2022-03-24,0.2286095238095238,0.0645627815384618,171.05999755859375,174.07000732421875,0.2502565089983868
2022-03-25,0.4109271428571428,0.0645646777163907,173.8800048828125,174.72000122070312,0.2502565089983868
2022-03-26,0.3606528571428571,0.064608108439647,172.1699981689453,175.60000610351562,0.2502565089983868
2022-03-27,0.2883976470588235,0.0644375168525557,172.1699981689453,175.60000610351562,0.2502565089983868
2022-03-28,0.1432073275862068,0.0646507095669198,172.1699981689453,175.60000610351562,0.2502565089983868
2022-03-29,0.2593885608856088,0.0647096730909981,176.69000244140625,178.9600067138672,0.2502565089983868
2022-03-30,0.1840323770491803,0.0645128270658394,178.5500030517578,177.77000427246094,0.2502565089983868
2022-03-31,0.1620048951048951,0.0644616579682003,177.83999633789062,174.61000061035156,0.2502565089983868
2022-04-01,0.1199797752808988,0.0644447244094491,174.02999877929688,174.30999755859375,0.2502565089983868
2022-04-02,0.1966221311475409,0.0644499878993227,174.57000732421875,178.44000244140625,0.2502565089983868
2022-04-03,0.1502067567567567,0.0644936767017292,174.57000732421875,178.44000244140625,0.2502565089983868
2022-04-04,0.134035294117647,0.0644699661999037,174.57000732421875,178.44000244140625,0.2502565089983868
2022-04-05,0.1131550632911392,0.0643614375150496,177.5,175.05999755859375,0.2502565089983868
2022-04-06,0.1923725925925925,0.064261980293199,172.36000061035156,171.8300018310547,0.2502565089983868
2022-04-07,0.1974418439716312,0.06413170263789,171.16000366210938,172.13999938964844,0.2502565089983868
2022-04-08,0.1741745614035088,0.0640561063218393,171.77999877929688,170.08999633789062,0.2502565089983868
2022-04-09,0.2185277777777778,0.0639567890896043,168.7100067138672,165.75,0.2502565089983868
2022-04-10,0.2238425287356321,0.0638076490976458,168.7100067138672,165.75,0.2502565089983868
2022-04-11,0.1921614035087719,0.063534652993084,168.7100067138672,165.75,0.2502565089983868
2022-04-12,0.1810098265895953,0.0636058970395913,168.02000427246094,167.66000366210938,0.2502565089983868
2022-04-13,0.2004648275862069,0.063574091664688,167.38999938964844,170.39999389648438,0.2502565089983868
2022-04-14,0.1417346456692913,0.0636725710900477,170.6199951171875,165.2899932861328,0.2502565089983868
2022-04-15,0.1284822580645161,0.0635985097575402,163.9199981689453,165.07000732421875,0.2502565089983868
2022-04-16,0.2145155555555556,0.0637771003190361,163.9199981689453,165.07000732421875,0.2502565089983868
2022-04-17,0.16344125,0.0636898807415282,163.9199981689453,165.07000732421875,0.2502565089983868
2022-04-18,0.1829505154639175,0.063520900094251,163.9199981689453,165.07000732421875,0.2502565089983868
2022-04-19,0.1704220588235294,0.0636015735086898,165.02000427246094,167.39999389648438,0.2502565089983868
2022-04-20,0.114906015037594,0.0635491213683227,168.75999450683594,167.22999572753906,0.2502565089983868
2022-04-21,0.1444591194968553,0.0636538039032374,168.91000366210938,166.4199981689453,0.2502565089983868
2022-04-22,0.1303028301886792,0.0633169408470427,166.4600067138672,161.7899932861328,0.2502565089983868
2022-04-23,0.1457558558558558,0.0631987177992776,161.1199951171875,162.8800048828125,0.2502565089983868
2022-04-24,0.1280087301587301,0.0631134039827649,161.1199951171875,162.8800048828125,0.2502565089983868
2022-04-25,0.1449214285714286,0.0633704946586162,161.1199951171875,162.8800048828125,0.2502565089983868
2022-04-26,0.1441138888888889,0.0634564200532595,162.25,156.8000030517578,0.2502565089983868
2022-04-27,0.2252302083333333,0.0633961516237146,155.91000366210938,156.57000732421875,0.2502565089983868
2022-04-28,0.1531798488664987,0.063452351856122,159.25,163.63999938964844,0.2502565089983868
2022-04-29,0.0762597590361445,0.0634952830188682,161.83999633789062,157.64999389648438,0.2502565089983868
2022-04-30,0.1847675159235668,0.0636611628174196,156.7100067138672,157.9600067138672,0.2502565089983868
2022-05-01,0.1407986577181208,0.0636183143874156,156.7100067138672,157.9600067138672,0.2502565089983868
2022-05-02,0.0688754385964912,0.0635069914040117,156.7100067138672,157.9600067138672,0.2502565089983868
2022-05-03,0.1512263157894736,0.0635273412517134,158.14999389648438,159.47999572753906,0.2502565089983868
2022-05-04,0.2392047619047619,0.0634331016408389,159.6699981689453,166.02000427246094,0.2502565089983868
2022-05-05,0.0775634285714285,0.0633839740673342,163.85000610351562,156.77000427246094,0.2502565089983868
2022-05-06,0.0870559782608695,0.063306130790191,156.00999450683594,157.27999877929688,0.2502565089983868
2022-05-07,0.1551939655172413,0.0633370420778045,154.92999267578125,152.05999755859375,0.2502565089983868
2022-05-08,0.1500592,0.0629962492917849,154.92999267578125,152.05999755859375,0.2502565089983868
2022-05-09,0.1401182795698925,0.0628456787330319,154.92999267578125,152.05999755859375,0.2502565089983868
2022-05-10,0.1957436464088398,0.0630131249294664,155.52000427246094,154.50999450683594,0.2502565089983868
2022-05-11,0.154130909090909,0.0630875436423023,153.5,146.5,0.2502565089983868
2022-05-12,0.1034573809523809,0.063010285521583,142.77000427246094,142.55999755859375,0.2502565089983868
2022-05-13,0.0845938053097345,0.062930221075076,144.58999633789062,147.11000061035156,0.2502565089983868
2022-05-14,0.1197625,0.0629170778201393,145.5500030517578,145.5399932861328,0.2502565089983868
2022-05-15,0.1950538461538461,0.0628800784313728,145.5500030517578,145.5399932861328,0.2502565089983868
2022-05-16,0.1071247058823529,0.0629475167785237,145.5500030517578,145.5399932861328,0.2502565089983868
2022-05-17,0.1652670658682634,0.0628886954580964,148.86000061035156,149.24000549316406,0.2502565089983868
2022-05-18,0.0423629213483146,0.0627580307418136,146.85000610351562,140.82000732421875,0.2502565089983868
2022-05-19,0.1186621212121212,0.0628154213920394,139.8800048828125,137.35000610351562,0.2502565089983868
2022-05-20,0.1053461883408071,0.0629809719294355,139.08999633789062,137.58999633789062,0.2502565089983868
2022-05-21,0.0265804347826086,0.06297393858774,137.7899932861328,143.11000061035156,0.2502565089983868
2022-05-22,0.1173709219858156,0.0630012292358807,137.7899932861328,143.11000061035156,0.2502565089983868
2022-05-23,0.1516943037974683,0.0631398650890194,137.7899932861328,143.11000061035156,0.2502565089983868
2022-05-24,0.1200351648351648,0.0632049983449191,140.80999755859375,140.36000061035156,0.2502565089983868
2022-05-25,0.0961985401459854,0.0633137794408983,138.42999267578125,140.52000427246094,0.2502565089983868
2022-05-26,0.0508566037735848,0.0634080175727625,137.38999938964844,143.77999877929688,0.2502565089983868
2022-05-27,0.0064954545454545,0.0631732953299717,145.38999938964844,149.63999938964844,0.2502565089983868
2022-05-28,0.1397329268292683,0.0631469260273975,149.07000732421875,148.83999633789062,0.2502565089983868
2022-05-29,0.2026222222222222,0.0633796452425273,149.07000732421875,148.83999633789062,0.2502565089983868
2022-05-30,0.2089460526315789,0.0632785847096141,149.07000732421875,148.83999633789062,0.2502565089983868
2022-05-31,0.1839395604395604,0.0632543570727453,149.07000732421875,148.83999633789062,0.2502565089983868
2022-06-01,0.2359617391304347,0.0631754382144803,149.89999389648438,148.7100067138672,0.2502565089983868
2022-06-02,0.0088388888888888,0.0634809823951317,147.8300018310547,151.2100067138672,0.2502565089983868
2022-06-03,0.0238894736842105,0.063585419830766,146.89999389648438,145.3800048828125,0.2502565089983868
2022-06-04,0.0985694915254237,0.0634460921409216,147.02999877929688,146.13999938964844,0.2502565089983868
2022-06-05,0.2015045454545454,0.0632779727095518,147.02999877929688,146.13999938964844,0.2502565089983868
2022-06-06,0.1105671009771987,0.0631923691311389,147.02999877929688,146.13999938964844,0.2502565089983868
2022-06-07,0.1466702265372168,0.0633081063623642,144.35000610351562,148.7100067138672,0.2502565089983868
2022-06-08,0.137441958041958,0.0635062439548631,148.5800018310547,147.9600067138672,0.2502565089983868
2022-06-09,0.1171863874345549,0.0633420787300227,147.0800018310547,142.63999938964844,0.2502565089983868
2022-06-10,0.1530937007874016,0.0634336010279475,140.27999877929688,137.1300048828125,0.2502565089983868
2022-06-11,0.2424493506493506,0.063417699304441,132.8699951171875,131.8800048828125,0.2502565089983868
2022-06-12,0.0721338461538461,0.0634621751684313,132.8699951171875,131.8800048828125,0.2502565089983868
2022-06-13,0.1280792307692307,0.0636242556824246,132.8699951171875,131.8800048828125,0.2502565089983868
2022-06-14,0.0439070512820512,0.0638889007129936,133.1300048828125,132.75999450683594,0.2502565089983868
2022-06-15,0.2056295302013422,0.0641078483432457,134.2899932861328,135.42999267578125,0.2502565089983868
2022-06-16,0.0938102678571428,0.0641618997137709,132.0800018310547,130.05999755859375,0.2502565089983868
2022-06-17,0.1683467532467532,0.0644370174510842,130.07000732421875,131.55999755859375,0.2502565089983868
2022-06-18,0.1550530612244898,0.0643372370785331,133.4199981689453,135.8699951171875,0.2502565089983868
2022-06-19,0.200868,0.0642937684833123,133.4199981689453,135.8699951171875,0.2502565089983868
2022-06-20,0.1486664233576642,0.0641939246914884,133.4199981689453,135.8699951171875,0.2502565089983868
2022-06-21,0.2476791946308725,0.064414605913922,133.4199981689453,135.8699951171875,0.2502565089983868
2022-06-22,0.1233695652173913,0.0643572882778887,134.7899932861328,135.35000610351562,0.2502565089983868
2022-06-23,0.1299739130434782,0.0643739599706592,136.82000732421875,138.27000427246094,0.2502565089983868
2022-06-24,0.2230282608695652,0.0645150041823506,139.89999389648438,141.66000366210938,0.2502565089983868
2022-06-25,0.2519883333333333,0.0646020271682342,142.6999969482422,141.66000366210938,0.2502565089983868
2022-06-26,0.1564342465753424,0.0646253001983921,142.6999969482422,141.66000366210938,0.2502565089983868
2022-06-27,0.2108340909090909,0.0647489991659718,142.6999969482422,141.66000366210938,0.2502565089983868
2022-06-28,0.0915690909090909,0.0648548007905962,142.1300048828125,137.44000244140625,0.2502565089983868
2022-06-29,0.108487417218543,0.0650805232558141,137.4600067138672,139.22999572753906,0.2502565089983868
2022-06-30,0.1255473684210526,0.0653127227517614,137.25,136.72000122070312,0.2502565089983868
2022-07-01,0.16021953125,0.0654026372944462,136.0399932861328,138.92999267578125,0.2502565089983868
2022-07-02,0.117525,0.0653314832041344,137.77000427246094,141.55999755859375,0.2502565089983868
2022-07-03,0.1694169014084506,0.0653288517141678,137.77000427246094,141.55999755859375,0.2502565089983868
2022-07-04,0.1788634146341463,0.0652670036101084,137.77000427246094,141.55999755859375,0.2502565089983868
2022-07-05,0.235142,0.0653040177191718,137.77000427246094,141.55999755859375,0.2502565089983868
2022-07-06,0.0767510638297872,0.0652302189330867,141.35000610351562,142.9199981689453,0.2502565089983868
2022-07-07,0.197441059602649,0.0653854209445586,143.2899932861328,146.35000610351562,0.2502565089983868
2022-07-08,0.1767099236641221,0.0653109254893923,145.25999450683594,147.0399932861328,0.2502565089983868
2022-07-09,0.174326984126984,0.0652316808358087,145.6699981689453,144.8699951171875,0.2502565089983868
2022-07-10,0.1788924999999999,0.0651916163373939,145.6699981689453,144.8699951171875,0.2502565089983868
2022-07-11,0.1280896551724137,0.0651685758039817,145.6699981689453,144.8699951171875,0.2502565089983868
2022-07-12,0.0783018292682926,0.0652347733061641,145.75999450683594,145.86000061035156,0.2502565089983868
2022-07-13,0.1030245,0.0652841778591779,142.99000549316406,145.49000549316406,0.2502565089983868
2022-07-14,0.1150718487394958,0.0652395226003048,144.0800018310547,148.47000122070312,0.2502565089983868
2022-07-15,0.1815579617834395,0.0652761919253399,149.77999877929688,150.1699981689453,0.2502565089983868
2022-07-16,0.236508,0.0652412856128968,150.74000549316406,147.07000732421875,0.2502565089983868
2022-07-17,0.2283193548387096,0.0651940008107013,150.74000549316406,147.07000732421875,0.2502565089983868
2022-07-18,0.1727443925233644,0.0649685419407063,150.74000549316406,147.07000732421875,0.2502565089983868
2022-07-19,0.0853822916666666,0.0651637997173431,147.9199981689453,151.0,0.2502565089983868
2022-07-20,0.1642852760736196,0.065117192063652,151.1199951171875,153.0399932861328,0.2502565089983868
2022-07-21,0.152189375,0.064908615663014,154.5,155.35000610351562,0.2502565089983868
2022-07-22,0.1809710344827586,0.0650488554216868,155.38999938964844,154.08999633789062,0.2502565089983868
2022-07-23,0.110504854368932,0.0649736678374311,154.00999450683594,152.9499969482422,0.2502565089983868
2022-07-24,0.1889647058823529,0.0650202006018055,154.00999450683594,152.9499969482422,0.2502565089983868
2022-07-25,0.2300683962264151,0.0651128967657956,154.00999450683594,152.9499969482422,0.2502565089983868
2022-07-26,0.1776235897435897,0.0650194083549871,152.25999450683594,151.60000610351562,0.2502565089983868
2022-07-27,0.2232722580645161,0.0648466181165204,152.5800018310547,156.7899932861328,0.2502565089983868
2022-07-28,0.2341232142857143,0.0648290977892851,156.97999572753906,157.35000610351562,0.2502565089983868
2022-07-29,0.2584117647058823,0.0648600357888459,161.24000549316406,162.50999450683594,0.2502565089983868
2022-07-30,0.1209757225433525,0.0649120504669184,161.00999450683594,161.50999450683594,0.2502565089983868
2022-07-31,0.1562651898734177,0.064853003077534,161.00999450683594,161.50999450683594,0.2502565089983868
2022-08-01,0.2120396551724138,0.0649732560443916,161.00999450683594,161.50999450683594,0.2502565089983868
2022-08-02,0.1339872093023255,0.0651833976451964,160.10000610351562,160.00999450683594,0.2502565089983868
2022-08-03,0.2081167597765363,0.0651802350849467,160.83999633789062,166.1300048828125,0.2502565089983868
2022-08-04,0.1369741379310345,0.0650673833711412,166.00999450683594,165.80999755859375,0.2502565089983868
2022-08-05,0.1646052631578947,0.0650453811305889,163.2100067138672,165.35000610351562,0.2502565089983868
2022-08-06,0.2002884615384615,0.0651401082677165,166.3699951171875,164.8699951171875,0.2502565089983868
2022-08-07,0.1859024,0.0651910208497246,166.3699951171875,164.8699951171875,0.2502565089983868
2022-08-08,0.1858304964539007,0.0652287157853429,166.3699951171875,164.8699951171875,0.2502565089983868
2022-08-09,0.2025114457831325,0.0649947059399158,164.02000427246094,164.9199981689453,0.2502565089983868
2022-08-10,0.2200741496598639,0.0650641125879594,167.67999267578125,169.24000549316406,0.2502565089983868
2022-08-11,0.1706278481012658,0.0648992875268397,170.05999755859375,168.49000549316406,0.2502565089983868
2022-08-12,0.2282694736842105,0.0648700516518858,169.82000732421875,172.10000610351562,0.2502565089983868
2022-08-13,0.2394625,0.0650119703905717,171.52000427246094,173.19000244140625,0.2502565089983868
2022-08-14,0.1372457943925233,0.0647810316301703,171.52000427246094,173.19000244140625,0.2502565089983868
2022-08-15,0.1332505555555555,0.0647796193805223,171.52000427246094,173.19000244140625,0.2502565089983868
2022-08-16,0.1730701657458563,0.0649936306349976,172.77999877929688,173.02999877929688,0.2502565089983868
2022-08-17,0.1481322344322344,0.0648955284552845,172.77000427246094,174.5500030517578,0.2502565089983868
2022-08-18,0.1096088122605363,0.0650519570890113,173.75,174.14999389648438,0.2502565089983868
2022-08-19,0.092680198019802,0.065103155761436,173.02999877929688,171.52000427246094,0.2502565089983868
2022-08-20,0.1850798076923077,0.0652198765551162,169.69000244140625,167.57000732421875,0.2502565089983868
2022-08-21,0.1816584745762711,0.0652621843069211,169.69000244140625,167.57000732421875,0.2502565089983868
2022-08-22,0.1499764705882353,0.0655120392647483,169.69000244140625,167.57000732421875,0.2502565089983868
2022-08-23,0.1959320512820512,0.0655644647143543,167.0800018310547,167.22999572753906,0.2502565089983868
2022-08-24,0.1664587837837838,0.0654973548016101,167.32000732421875,167.52999877929688,0.2502565089983868
2022-08-25,0.2261934911242603,0.0657372967285249,168.77999877929688,170.02999877929688,0.2502565089983868
2022-08-26,0.1311999999999999,0.065701929506161,170.57000732421875,163.6199951171875,0.2502565089983868
2022-08-27,0.1537575,0.0657574823439588,161.14999389648438,161.3800048828125,0.2502565089983868
2022-08-28,0.2426120879120879,0.0655743132392217,161.14999389648438,161.3800048828125,0.2502565089983868
2022-08-29,0.2236702857142857,0.0657273627105739,161.14999389648438,161.3800048828125,0.2502565089983868
2022-08-30,0.1956178343949044,0.0656967695961995,162.1300048828125,158.91000366210938,0.2502565089983868
2022-08-31,0.1217371621621621,0.0658741727505452,160.30999755859375,157.22000122070312,0.2502565089983868
2022-09-01,0.1569791946308724,0.0658363395476483,156.63999938964844,157.9600067138672,0.2502565089983868
2022-09-02,0.1483804511278195,0.0659183407351412,159.75,155.80999755859375,0.2502565089983868
2022-09-03,0.1195595959595959,0.0658187381941821,156.47000122070312,154.52999877929688,0.2502565089983868
2022-09-04,0.166377027027027,0.0657814612044553,156.47000122070312,154.52999877929688,0.2502565089983868
2022-09-05,0.170122480620155,0.0658412047511312,156.47000122070312,154.52999877929688,0.2502565089983868
2022-09-06,0.1924413333333333,0.0657345031990967,156.47000122070312,154.52999877929688,0.2502565089983868
2022-09-07,0.1529600840336134,0.0657461863214185,154.82000732421875,155.9600067138672,0.2502565089983868
2022-09-08,0.1619400662251655,0.0656902443591424,154.63999938964844,154.4600067138672,0.2502565089983868
2022-09-09,0.1688831223628692,0.0655722627055306,155.47000122070312,157.3699951171875,0.2502565089983868
2022-09-10,0.1532021505376344,0.0655477680239074,159.58999633789062,163.42999267578125,0.2502565089983868
2022-09-11,0.1137770700636942,0.0655171753943807,159.58999633789062,163.42999267578125,0.2502565089983868
2022-09-12,0.1613412322274881,0.0657305571082542,159.58999633789062,163.42999267578125,0.2502565089983868
2022-09-13,0.1675368888888889,0.0659272194849866,159.89999389648438,153.83999633789062,0.2502565089983868
2022-09-14,0.1510995391705069,0.065816485658591,154.7899932861328,155.30999755859375,0.2502565089983868
2022-09-15,0.1430350649350649,0.0658318965517242,154.64999389648438,152.3699951171875,0.2502565089983868
2022-09-16,0.1220798387096774,0.0657885063853415,151.2100067138672,150.6999969482422,0.2502565089983868
2022-09-17,0.2044132275132275,0.0658714867240263,149.30999755859375,154.47999572753906,0.2502565089983868
2022-09-18,0.2177137254901961,0.0657527693018955,149.30999755859375,154.47999572753906,0.2502565089983868
2022-09-19,0.1570149038461538,0.0656771212261103,149.30999755859375,154.47999572753906,0.2502565089983868
2022-09-20,0.112361440677966,0.06574679321784,153.39999389648438,156.89999389648438,0.2502565089983868
2022-09-21,0.0984931707317073,0.0658613692831508,157.33999633789062,153.72000122070312,0.2502565089983868
2022-09-22,0.2006245614035088,0.0657907938257993,152.3800048828125,152.74000549316406,0.2502565089983868
2022-09-23,0.1867123404255319,0.065880765348261,151.19000244140625,150.42999267578125,0.2502565089983868
2022-09-24,0.1596326530612245,0.0658274011558572,149.66000366210938,150.77000427246094,0.2502565089983868
2022-09-25,0.2695860655737704,0.0658243790669966,149.66000366210938,150.77000427246094,0.2502565089983868
2022-09-26,0.163229203539823,0.0657319483847351,149.66000366210938,150.77000427246094,0.2502565089983868
2022-09-27,0.1684558441558442,0.0657566651439013,152.74000549316406,151.75999450683594,0.2502565089983868
2022-09-28,0.0756589390962671,0.0655209993617215,147.63999938964844,149.83999633789062,0.2502565089983868
2022-09-29,-0.0080242299794661,0.0656075095576188,146.10000610351562,142.47999572753906,0.2502565089983868
2022-09-30,0.0266943850267379,0.0656068247909851,141.27999877929688,138.1999969482422,0.2502565089983868
2022-10-01,0.138177094972067,0.0655721278721279,138.2100067138672,142.4499969482422,0.2502565089983868
2022-10-02,0.0704711111111111,0.0655140537107603,138.2100067138672,142.4499969482422,0.2502565089983868
2022-10-03,0.1775751908396946,0.0657012949379698,138.2100067138672,142.4499969482422,0.2502565089983868
2022-10-04,0.20056,0.0657364359298753,145.02999877929688,146.10000610351562,0.2502565089983868
2022-10-05,0.1185702040816326,0.0655402761483621,144.07000732421875,146.39999389648438,0.2502565089983868
2022-10-06,0.1322852631578947,0.0653904199711608,145.80999755859375,145.42999267578125,0.2502565089983868
2022-10-07,0.1637544943820224,0.065193507429086,142.5399932861328,140.08999633789062,0.2502565089983868
2022-10-08,0.1949162162162162,0.0652541805418055,140.4199981689453,140.4199981689453,0.2502565089983868
2022-10-09,0.1963072,0.0652494695198706,140.4199981689453,140.4199981689453,0.2502565089983868
2022-10-10,0.1349696969696969,0.0652625314183124,140.4199981689453,140.4199981689453,0.2502565089983868
2022-10-11,0.1236255172413793,0.0652859779589643,139.89999389648438,138.97999572753906,0.2502565089983868
2022-10-12,0.1993574358974358,0.0652969943644333,139.1300048828125,138.33999633789062,0.2502565089983868
2022-10-13,0.1022995833333333,0.0653662884203002,134.99000549316406,142.99000549316406,0.2502565089983868
2022-10-14,0.1424933673469388,0.0654520924422236,144.30999755859375,138.3800048828125,0.2502565089983868
2022-10-15,0.1348715328467153,0.0654354047788873,141.07000732421875,142.41000366210938,0.2502565089983868
2022-10-16,0.1747860606060605,0.0654157135221807,141.07000732421875,142.41000366210938,0.2502565089983868
2022-10-17,0.098792664092664,0.0654352397047052,141.07000732421875,142.41000366210938,0.2502565089983868
2022-10-18,0.0741381987577639,0.0651570338832713,145.49000549316406,143.75,0.2502565089983868
2022-10-19,0.0503646387832699,0.065004879560751,141.69000244140625,143.86000061035156,0.2502565089983868
2022-10-20,0.1081600938967136,0.0649338520024755,143.02000427246094,143.38999938964844,0.2502565089983868
2022-10-21,0.2432405263157895,0.064829919660987,142.8699951171875,147.27000427246094,0.2502565089983868
2022-10-22,0.1518491071428571,0.0647436965152184,147.19000244140625,149.4499969482422,0.2502565089983868
2022-10-23,0.1479412698412698,0.0647990213366249,147.19000244140625,149.4499969482422,0.2502565089983868
2022-10-24,0.1282063106796116,0.0649021718104282,147.19000244140625,149.4499969482422,0.2502565089983868
2022-10-25,0.0816936781609195,0.0649834093700649,150.08999633789062,152.33999633789062,0.2502565089983868
2022-10-26,0.1012991701244813,0.06505600280014,150.9600067138672,149.35000610351562,0.2502565089983868
2022-10-27,0.0801696581196581,0.0651137816593887,148.07000732421875,144.8000030517578,0.2502565089983868
2022-10-28,0.2081361233480176,0.0650401098901099,148.1999969482422,155.74000549316406,0.2502565089983868
2022-10-29,0.1569976653696498,0.0650838940212655,153.16000366210938,153.33999633789062,0.2502565089983868
2022-10-30,0.1380278481012658,0.065087729687364,153.16000366210938,153.33999633789062,0.2502565089983868
2022-10-31,0.1102151898734177,0.0647430061723029,153.16000366210938,153.33999633789062,0.2502565089983868
2022-11-01,0.1230633136094674,0.064654296875,155.0800018310547,150.64999389648438,0.2502565089983868
2022-11-02,0.1733984042553191,0.0647954352533564,148.9499969482422,145.02999877929688,0.2502565089983868
2022-11-03,0.1455648888888888,0.0646178627010203,142.05999755859375,138.8800048828125,0.2502565089983868
2022-11-04,0.1182627530364372,0.0642011819515141,142.08999633789062,138.3800048828125,0.2502565089983868
2022-11-05,0.0931058823529411,0.0643163821348509,137.11000061035156,138.9199981689453,0.2502565089983868
2022-11-06,0.0793227272727272,0.064257618062737,137.11000061035156,138.9199981689453,0.2502565089983868
2022-11-07,0.0860673992673992,0.0642888057133024,137.11000061035156,138.9199981689453,0.2502565089983868
2022-11-08,0.1006929577464788,0.0643035033487893,140.41000366210938,139.5,0.2502565089983868
2022-11-09,0.0423091324200913,0.0641770167166738,138.5,134.8699951171875,0.2502565089983868
2022-11-10,0.1961497326203208,0.0639249914442163,141.24000549316406,146.8699951171875,0.2502565089983868
2022-11-11,0.133514652014652,0.0638055123493719,145.82000732421875,149.6999969482422,0.2502565089983868
2022-11-12,0.2023817204301075,0.0637782968910147,148.97000122070312,148.27999877929688,0.2502565089983868
2022-11-13,0.1498526315789473,0.0638055489158272,148.97000122070312,148.27999877929688,0.2502565089983868
2022-11-14,0.1092988095238095,0.0639797699190456,148.97000122070312,148.27999877929688,0.2502565089983868
2022-11-15,0.1249953416149068,0.0638527631355212,152.22000122070312,150.0399932861328,0.2502565089983868
2022-11-16,0.2104166666666666,0.0639719086819995,149.1300048828125,148.7899932861328,0.2502565089983868
2022-11-17,0.1101944099378881,0.0638145919837302,146.42999267578125,150.72000122070312,0.2502565089983868
2022-11-18,0.1309343915343915,0.0637448518204911,152.30999755859375,151.2899932861328,0.2502565089983868
2022-11-19,0.0340582542694497,0.0637156781453592,150.16000366210938,148.00999450683594,0.2502565089983868
2022-11-20,0.0800860215053763,0.0638159452147447,150.16000366210938,148.00999450683594,0.2502565089983868
2022-11-21,0.051729596412556,0.0637898775854791,150.16000366210938,148.00999450683594,0.2502565089983868
2022-11-22,0.0752161616161616,0.0637892971515254,148.1300048828125,150.17999267578125,0.2502565089983868
2022-11-23,0.0690454545454545,0.0637200656510395,149.4499969482422,151.07000732421875,0.2502565089983868
2022-11-24,0.1725866028708134,0.0641468700109235,145.13999938964844,144.22000122070312,0.2502565089983868
2022-11-25,0.177203041825095,0.0644353705566734,145.13999938964844,144.22000122070312,0.2502565089983868
2022-11-26,0.0794720149253731,0.0645378339894464,145.13999938964844,144.22000122070312,0.2502565089983868
2022-11-27,0.1538026490066225,0.0647544891640867,145.13999938964844,144.22000122070312,0.2502565089983868
2022-11-28,-0.0196140807174887,0.0647303705558338,145.13999938964844,144.22000122070312,0.2502565089983868
2022-11-29,0.0472222073578595,0.0649460571238239,144.2899932861328,141.1699981689453,0.2502565089983868
2022-11-30,0.0326177184466019,0.0646345380525092,141.39999389648438,148.02999877929688,0.2502565089983868
2022-12-01,0.0870347639484978,0.0646184718654181,148.2100067138672,148.30999755859375,0.2502565089983868
2022-12-02,0.1143866666666666,0.0646539721946376,145.9600067138672,147.80999755859375,0.2502565089983868
2022-12-03,0.1569412121212121,0.0646879331734349,147.77000427246094,146.6300048828125,0.2502565089983868
2022-12-04,0.0873443902439024,0.0647101561854393,147.77000427246094,146.6300048828125,0.2502565089983868
2022-12-05,0.1707527472527472,0.0647708711433757,147.77000427246094,146.6300048828125,0.2502565089983868
2022-12-06,0.0639713483146067,0.0648158024691359,147.07000732421875,142.91000366210938,0.2502565089983868
2022-12-07,0.0853987068965517,0.0648453030054197,142.19000244140625,140.94000244140625,0.2502565089983868
2022-12-08,0.219613063063063,0.0650209961497502,142.36000061035156,142.64999389648438,0.2502565089983868
2022-12-09,0.2217331360946745,0.0651117699983642,142.33999633789062,142.16000366210938,0.2502565089983868
2022-12-10,0.1763576086956521,0.065203578139041,142.6999969482422,144.49000549316406,0.2502565089983868
2022-12-11,0.1149735537190082,0.0651748326530613,142.6999969482422,144.49000549316406,0.2502565089983868
2022-12-12,0.1571515,0.065301785132051,142.6999969482422,144.49000549316406,0.2502565089983868
2022-12-13,0.0991782383419689,0.0654175719629209,149.5,145.47000122070312,0.2502565089983868
2022-12-14,0.1885057416267942,0.065595935750791,145.35000610351562,143.2100067138672,0.2502565089983868
2022-12-15,0.1454507042253521,0.0658064377682404,141.11000061035156,136.5,0.2502565089983868
2022-12-16,0.1515406249999999,0.0657958336704151,136.69000244140625,134.50999450683594,0.2502565089983868
2022-12-17,0.2190053892215569,0.0657795278137129,135.11000061035156,132.3699951171875,0.2502565089983868
2022-12-18,0.176319298245614,0.0657903869456338,135.11000061035156,132.3699951171875,0.2502565089983868
2022-12-19,0.2105080808080808,0.065908695652174,135.11000061035156,132.3699951171875,0.2502565089983868
2022-12-20,0.1691672413793103,0.0658942739792221,131.38999938964844,132.3000030517578,0.2502565089983868
2022-12-21,0.2208280821917808,0.0659739182885637,132.97999572753906,135.4499969482422,0.2502565089983868
2022-12-22,0.1478065573770492,0.0660115081914553,134.35000610351562,132.22999572753906,0.2502565089983868
2022-12-23,0.1522527559055118,0.065929441949968,130.9199981689453,131.86000061035156,0.2502565089983868
2022-12-24,0.1856929078014184,0.0660754928674468,131.3800048828125,130.02999877929688,0.2502565089983868
2022-12-25,0.1715119047619047,0.0660596106081244,131.3800048828125,130.02999877929688,0.2502565089983868
2022-12-26,0.0949080536912751,0.0661390636254502,131.3800048828125,130.02999877929688,0.2502565089983868
2022-12-27,0.0134119791666666,0.0661611062265207,131.3800048828125,130.02999877929688,0.2502565089983868
2022-12-28,-0.0281069825436408,0.0662269264553222,129.6699981689453,126.04000091552734,0.2502565089983868
2022-12-29,0.1403444852941176,0.0663128051699378,127.98999786376953,129.61000061035156,0.2502565089983868
2022-12-30,0.0986504950495049,0.0663008687335618,128.41000366210938,129.92999267578125,0.2502565089983868
2022-12-31,0.0577051948051948,0.0663385724528002,0,0,0.2502565089983868
2023-01-01,0.183916037735849,0.0663404712625378,0,0,0.2502565089983868
